CSS,HTML,
Snapchat,Instagram,
Guitare,Violon,
Français,Philosophie,
Main,Pied,
Noir ,Blanc,
Chine,Japon,
Ravioli,Canneloni,
Camembert ,Maroile,
Chaise,Tabouret,
Youtube,Dailymotion,
Manga,Anime,
DVD,Blu Ray,
Playstation,XBOX,
Mario,Sonic,
Netflix,PrimeVideo,
Belote,Blackjack,
Baguette,Pain coupé,
Patrick Bruel,Patrick Fiori,
Lunettes,Monocle,
Vitality,Kcorp,
Tennis,Tennis de Table,
Basket,Handball,
Picsou,Donald,
Nike,Adidas,
Gucci,Louis Vuitton,
Saphir,Diamant,
Aigle,Vautour,
Espagne,Portugal,
Lyon ,Marseille,
Lens,Lille,
Nantes,Rennes,
Nice,Monaco,
Dijon,Strasbourg,
Musulman,Chrétien,
Slam,Question pour un champion,
NSI,SNT,
Physique Chimie,SVT,
Danemark,Norvege,
Romains,Gaulois,
Sac a dos,Sac  a main,
Pluie,Orage,
SFR,Free,
Dames ,Echecs,
Shampoing,Gel douche,
Allumette,Cigarette,
Fumée,Vapeur,
The Rock,Vin Diesel,
Hagrid,Dumbledore,
Poule ,Poussin,
